<zimletConfig name="org_zetalliance_universaldialer" version="0.1">
    <global>
        <!--
          supported server: asterisk(manager), sipX(sipXecs), 3cx, metaSwitch(commPortal)
          uncomment your service, configure common properties and concerned properties
        -->

        <!--<property name="server">needToChange</property>-->
        <!--<property name="server">asterisk</property>-->
        <property name="server">sipX</property>
        <!--<property name="server">3cx</property>-->
        <!--<property name="server">metaSwitch</property>-->

        <property name="serverIp">voip.studiostorti.com</property>
        <property name="allowedDomains">voip.studiostorti.com</property>
        <property name="actionTimeout">10</property>


        <!--> Asterisk configuration<-->

        <!--<property name="serverAdminUser">admin</property>-->
        <!--<property name="serverAdminSecret">adminPassword</property>-->
        <!--<property name="managerPort">5038</property>-->
        <!--<property name="dialContext">default</property>-->
        <!--<property name="dialChannel">SIP</property>-->

    </global>
</zimletConfig>
