<!--
  ~ Universal Dialer - An universal click2call zimlet for Zimbra
  ~ Copyright (C) 2016 ZeXtras S.r.l.
  ~
  ~ This file is part of Universal Dialer.
  ~
  ~ This program is free software; you can redistribute it and/or
  ~ modify it under the terms of the GNU General Public License
  ~ as published by the Free Software Foundation, version 2 of
  ~ the License.
  ~
  ~ This program is distributed in the hope that it will be useful,
  ~ but WITHOUT ANY WARRANTY; without even the implied warranty of
  ~ MERCHANTABILITY or FITNESS FOR A PARTICULAR PURPOSE.  See the
  ~ GNU General Public License for more details.
  ~
  ~ You should have received a copy of the GNU General Public License
  ~ along with Universal Dialer. If not, see <http://www.gnu.org/licenses/>.
  -->

<zimletConfig name="org_zetalliance_universaldialer" version="0.1">
    <global>
        <!--
          supported server: asterisk(manager), sipX(sipXecs), 3cx, metaSwitch(commPortal)
          uncomment your service, configure common properties and concerned properties
        -->

        <property name="server">needToChange</property>
        <!--<property name="server">asterisk</property>-->
        <!--<property name="server">sipX</property>-->
        <!--<property name="server">3cx</property>-->
        <!--<property name="server">metaSwitch</property>-->

        <property name="serverIp">your.server.com</property>
        <property name="allowedDomains">your.server.com</property>
        <property name="actionTimeout">10</property>


        <!--> Asterisk configuration<-->

        <!--<property name="serverAdminUser">admin</property>-->
        <!--<property name="serverAdminSecret">adminPassword</property>-->
        <!--<property name="managerPort">5038</property>-->
        <!--<property name="dialContext">default</property>-->
        <!--<property name="dialChannel">SIP</property>-->

    </global>
</zimletConfig>
