<!--
  ~ Universal Dialer - An universal click2call zimlet for Zimbra
  ~ Copyright (C) 2016 ZeXtras S.r.l.
  ~
  ~ This file is part of Universal Dialer.
  ~
  ~ This program is free software; you can redistribute it and/or
  ~ modify it under the terms of the GNU General Public License
  ~ as published by the Free Software Foundation, version 2 of
  ~ the License.
  ~
  ~ This program is distributed in the hope that it will be useful,
  ~ but WITHOUT ANY WARRANTY; without even the implied warranty of
  ~ MERCHANTABILITY or FITNESS FOR A PARTICULAR PURPOSE.  See the
  ~ GNU General Public License for more details.
  ~
  ~ You should have received a copy of the GNU General Public License
  ~ along with Universal Dialer. If not, see <http://www.gnu.org/licenses/>.
  -->

<zimlet
    name="org_zetalliance_universaldialer"
    version="0.1"
    label="${msg.zimletLabel}"
    description="${msg.zimletDescription}">
    <include>src/lib/UniversalDialerStringUtils.js</include>
    <include>src/UniversalDialerProperty.js</include>
    <include>src/UniversalDialerPbxManager.js</include>
    <include>src/pbx/UniversalDialerPbxBase.js</include>
    <include>src/pbx/UniversalDialer3cx.js</include>
    <include>src/pbx/UniversalDialerAsterisk.js</include>
    <include>src/pbx/UniversalDialerMetaSwitch.js</include>
    <include>src/pbx/UniversalDialerSipX.js</include>
    <include>src/dialogs/view/UniversalDialerCallView.js</include>
    <include>src/dialogs/view/UniversalDialerSettingsView.js</include>
    <include>src/dialogs/view/UniversalDialerUserView.js</include>
    <include>src/dialogs/UniversalDialerCallDialog.js</include>
    <include>src/dialogs/UniversalDialerSettingsDialog.js</include>
    <include>base64.js</include>
    <include>src/UniversalDialer.js</include>
    <includeCSS>css/UniversalDialer.css</includeCSS>
    <handlerObject>org_zetalliance_universaldialer_HandlerObject</handlerObject>

    <zimletPanelItem label="Universal Dialer" icon="Voip-panelIcon">
        <toolTipText>${msg.zimletDescription}</toolTipText>
        <contextMenu>
            <menuItem label="${msg.call}" id="CALL" icon="Voip-panelIconCall"/>
            <menuItem label="" id=""/>
            <menuItem label="${msg.settings}" id="SETTINGS" icon="Voip-panelIconControl"/>
        </contextMenu>
    </zimletPanelItem>

    <contentObject type="phone">
        <toolTipText>${msg.rightClickToDial}</toolTipText>
        <matchOn>
            <regex attrs="g">((\/|\+| |\.|\-)?((\(\+?\d{2,4}\))|(\d{2,4}))){2,5}(=?((\.|\,)?(\n|\r\n|\s|\t|$)))</regex>
        </matchOn>
        <contextMenu>
            <menuItem label="${msg.callNumber}" id="CALLFROMREGEX" icon="Voip-panelIcon"/>
        </contextMenu>
    </contentObject>

    <userProperties>
        <property type="string" name="UDuserNumber" value=""/>
        <property type="string" name="UDpin" value=""/>
        <property type="string" name="UDcontext" value=""/>
    </userProperties>
</zimlet>